{
  "current-scene": "",
  "gizmos-infos": {
    "gridColor": [
      150,
      150,
      150,
      255
    ],
    "gridVisible": true,
    "iconGizmoSize": 2,
    "iconSize": 2,
    "is2D": false,
    "is3DIcon": false,
    "isGridVisible": true,
    "isIconGizmo3D": false
  },
  "camera-infos": {
    "9c736213-fdc2-401a-9995-fa47de6cb437": {
      "position": {
        "x": 4.847654373741776,
        "y": 2.707713857890763,
        "z": -0.9718609943597573
      },
      "rotation": {
        "w": 0.8326733699395029,
        "x": -0.18971274249736156,
        "y": 0.5043550528893336,
        "z": 0.1274874638313874
      },
      "viewCenter": {
        "x": 0.3831571919427308,
        "y": 0.20045993534042816,
        "z": -3.336405489298985
      }
    },
    "a192af8d-20b5-40d9-91ba-973690c96f58": {
      "position": {
        "x": 2.232762672981835,
        "y": 1.0554518693010593,
        "z": 1.7030769488781488
      },
      "rotation": {
        "w": 0.8817098671023611,
        "x": -0.15981921183197845,
        "y": 0.4365807390963743,
        "z": 0.08015577812975092
      },
      "viewCenter": {
        "x": 0,
        "y": 0,
        "z": 0
      }
    },
    "f46876e4-e81b-4931-b493-6d367be385e7": {
      "position": {
        "x": -6.673566399444029,
        "y": 6.671502091382326,
        "z": 26.427349551233792
      },
      "rotation": {
        "w": 0.9924312773372166,
        "x": -0.07279595069644304,
        "y": -0.09885466310669602,
        "z": 0.002032587326319645
      },
      "viewCenter": {
        "x": -1.1594661634231374,
        "y": 2.628344695581604,
        "z": -0.7870168332815339
      }
    }
  },
  "camera-uuids": [
    "a192af8d-20b5-40d9-91ba-973690c96f58"
  ],
  "__version__": "1.0.0",
  "float-window": {
    "position": {
      "cc": {
        "Camera": {
          "bottom": 10,
          "dock": false,
          "left": null,
          "right": 10,
          "top": null
        }
      }
    }
  }
}
