{
  "current-scene": "a192af8d-20b5-40d9-91ba-973690c96f58",
  "gizmos-infos": {
    "iconGizmoSize": 2,
    "isGridVisible": true,
    "isIconGizmo3D": false
  },
  "camera-infos": {
    "a192af8d-20b5-40d9-91ba-973690c96f58": {
      "position": {
        "x": 623.0122547612207,
        "y": 322.9997579467757,
        "z": 1000
      },
      "rotation": {
        "w": 1,
        "x": 0,
        "y": 0,
        "z": 0
      },
      "viewCenter": {
        "x": 1.0239053862218617,
        "y": 1.0671246709019602,
        "z": -0.3561877676760483
      }
    },
    "f46876e4-e81b-4931-b493-6d367be385e7": {
      "position": {
        "x": -6.673566399444029,
        "y": 6.671502091382326,
        "z": 26.427349551233792
      },
      "rotation": {
        "w": 0.9924312773372166,
        "x": -0.07279595069644304,
        "y": -0.09885466310669602,
        "z": 0.002032587326319645
      },
      "viewCenter": {
        "x": -1.1594661634231374,
        "y": 2.628344695581604,
        "z": -0.7870168332815339
      }
    }
  },
  "camera-uuids": [
    "a192af8d-20b5-40d9-91ba-973690c96f58"
  ]
}
